{"test-environment-aeghhgwpe-pro02a": {"test-environment-aeghhgwpe-pro02b": 2.91237735748291, "test-environment-aeghhgwpe-pro03a": 2.6481311321258545, "test-environment-aeghhgwpe-pro04a": 2.6086857318878174, "test-environment-aeghhgwpe-pro03b": 2.288717746734619}, "test-environment-aeghhgwpe-pro01a": {"training-environment-aelmmhbahr-con01a": 2.7626378536224365, "training-environment-assghbansb-pro02a": 2.744638442993164, "training-environment-achbessbp-pro03a": 2.7036612033843994, "training-environment-aelmmhbahr-pro04b": 2.624770164489746}, "test-environment-aeghhgwpe-pro03a": {"test-environment-aeghhgwpe-pro03b": 2.6906402111053467, "test-environment-aeghhgwpe-pro04b": 2.408968925476074, "test-environment-aeghhgwpe-pro04a": 2.302887439727783, "test-environment-aeghhgwpe-pro02a": 2.2552082538604736}, "test-environment-aeghhgwpe-pro04a": {"test-environment-aeghhgwpe-pro03a": 2.724724292755127, "test-environment-aeghhgwpe-pro04b": 2.5726869106292725, "test-environment-aeghhgwpe-pro02a": 2.283356189727783, "test-environment-aeghhgwpe-pro02b": 2.107287883758545}, "test-environment-aeghhgwpe-con02a": {"test-environment-aeghhgwpe-pro03a": 2.7902114391326904, "test-environment-aeghhgwpe-pro02b": 2.724724292755127, "test-environment-aeghhgwpe-con02b": 2.6676623821258545, "test-environment-aeghhgwpe-pro03b": 2.1166226863861084}, "test-environment-aeghhgwpe-con03a": {"test-environment-aeghhgwpe-pro01b": 2.923100471496582, "training-environment-achbessbp-con03a": 2.7182137966156006, "test-environment-aeghhgwpe-con03b": 2.2202627658843994, "training-environment-aelmmhbahr-pro02b": 2.149892807006836}, "test-environment-aeghhgwpe-con01a": {"test-environment-aeghhgwpe-con01b": 2.268803596496582, "test-environment-aeghhgwpe-pro03b": 1.6602710485458374, "test-environment-aeghhgwpe-pro03a": 1.6302082538604736, "test-environment-aeghhgwpe-pro01b": 1.6152726411819458}, "test-environment-assgbatj-pro02a": {"test-philosophy-apessghwba-pro02a": 3.53737735748291, "test-philosophy-apessghwba-pro05b": 2.727787971496582, "test-philosophy-apessghwba-con05a": 2.6060049533843994, "test-philosophy-apessghwba-con03a": 2.5443472862243652}, "test-environment-assgbatj-pro05a": {"test-philosophy-apessghwba-pro05a": 3.221047878265381, "test-philosophy-apessghwba-pro03b": 2.322035789489746, "training-environment-ahwbsawhnbsf-pro02a": 2.3080575466156006, "test-philosophy-apessghwba-con04b": 2.1301701068878174}, "test-environment-assgbatj-pro01a": {"test-philosophy-apessghwba-pro01a": 3.7303922176361084, "test-philosophy-apessghwba-pro01b": 3.561887264251709, "training-environment-aelmmhbahr-con03a": 3.221047878265381, "test-environment-assgbatj-pro01b": 3.1758577823638916}}